Review Text,Rating,Date,Location,Reviewer ID,Sentiment Polarity,Category
Those look like flavors of juice that you put into your vapes. Pricing also look consistent.,5,2024-11-17 10:34:47,"Hyderabad, India",Melodic-Economist114,Positive,Customer Service
try ordering and tell what you found,3,2024-11-17 10:12:43,"Delhi, India",tempest_aww,Neutral,Food Quality
Interested in answers,5,2024-11-17 10:08:35,"Hyderabad, India",crasherdgrate,Positive,Delivery Speed
Definitely code for something. But definitely not money laundering.¬†,3,2024-11-17 10:31:23,"Mumbai, India",Ashamed-Tooth,Neutral,Pricing
Use COD and order and give us an update.,3,2024-11-17 10:14:02,"Bangalore, India",-CanYouHearTheMusic-,Neutral,Delivery Speed
"All are in same location ""NayaGaon""",3,2024-11-17 10:24:34,"Mumbai, India",danielricardo1,Neutral,Customer Service
"Could it be a way to deliver drugs? With price this high, only a 'few' people will order. And them few will already be aware of what it contains, i.e., drugs. Just a thought.",5,2024-11-17 10:09:58,"Mumbai, India",Aromatic-Essay-623,Positive,Food Quality
Okay not sure if it's the same but naughty strawberry is also a variant of LSD and normally one bloat should be around 800 to 1.5k (although it may be higher these days) so yeah,5,2024-11-17 11:39:26,"Delhi, India",LordVillageHoe,Positive,Overall Experience
Why did my mind go to prostitution?Guess we'll never know.,3,2024-11-17 11:05:20,"Mumbai, India",YetSomeRandom,Neutral,Overall Experience
I guess they're adding Prime and Feastables in those items then it makes sense,3,2024-11-17 10:11:10,"Delhi, India",DesiThor007,Neutral,Customer Service
Nayagaon hai toh it's definitely something related to drugs. Either that vape thing like someone mentioned or its marijuana/hash.,3,2024-11-17 12:01:57,"Delhi, India",AnthonyGonsalvez,Neutral,Customer Service
Money laundering,3,2024-11-17 10:05:45,"Bangalore, India",Chakravartin_Arya,Neutral,Pricing
udta punjab,3,2024-11-17 10:11:47,"Hyderabad, India",cdrfrk,Neutral,Customer Service
Concaine ain't cheap man.,5,2024-11-17 10:26:06,"Bangalore, India",robb981o,Positive,Delivery Speed
"This is multi brand kitchen as per Zomato

https://preview.redd.it/raddywzzig1e1.png?width=1080&format=pjpg&auto=webp&s=bfa58153582b8fdc5e3e7d81afcd3c807563494d",3,2024-11-17 12:40:42,"Mumbai, India",Ioosubuschange,Neutral,Delivery Speed
Looks like drug business,3,2024-11-17 10:30:52,"Delhi, India",Sea_Tip_858,Neutral,Food Quality
"i am free today lol , thinking of going to these restaurants , would update soon",5,2024-11-17 11:42:28,"Delhi, India",Moongfali4president,Positive,Overall Experience
"I ll sponsor 100 , if you find some people like me please order that and see what they are selling",3,2024-11-17 11:13:53,"Mumbai, India",Palmar_Aponeurosis,Neutral,Food Quality
"Could be either drugs, escorts or money laundering.",3,2024-11-17 10:56:23,"Bangalore, India",Soul_lessDNA,Neutral,Pricing
Ganja.,3,2024-11-17 10:32:32,"Mumbai, India",ANIKET_UPADHYAY,Neutral,Food Quality
Can anyone help me create a twitter post for this?,3,2024-11-17 17:35:26,"Chennai, India",torinotor,Neutral,Pricing
I think is gonna be the biggest news to start the 2025? Full year will go in the investigation ü´°,5,2024-11-17 19:56:37,"Bangalore, India",The_Indian_News,Positive,Pricing
Udta Punjab moment,3,2024-11-17 10:24:31,"Hyderabad, India",Equal_Resolve9802,Neutral,Pricing
Try ordering and let us know,3,2024-11-17 10:47:34,"Bangalore, India",Altruistic_Entry_803,Neutral,Overall Experience
I'll take a naughty strawberry,2,2024-11-17 10:57:52,"Mumbai, India",shwarmaa_naman,Negative,Delivery Speed
This looks like the Cherry Poppers ' Ice Cream ' from GTA Vive City. Feeling suspicious about it.,3,2024-11-17 11:46:00,"Chennai, India",Background-Pie-961,Neutral,Delivery Speed
Vapes,3,2024-11-17 11:53:26,"Hyderabad, India",Cigarettes_at_beach,Neutral,Overall Experience
we need an internet rabbithole yt video on this ASAP,3,2024-11-17 20:58:02,"Chennai, India",nottshakkeyy,Neutral,Food Quality
"https://preview.redd.it/cv8a6rku8t1e1.jpeg?width=1080&format=pjpg&auto=webp&s=77a86d39293412bbb023502aebc2288d55a7c301

Someone here is journalist!",3,2024-11-19 07:26:56,"Delhi, India",100ravvv,Neutral,Customer Service
"Just checked in Zomato.. 

All the restaurant's opening timing is the same...",3,2024-11-17 11:41:57,"Mumbai, India",Rawan_On_Earth,Neutral,Overall Experience
"I think 

https://preview.redd.it/yjer2uzcrl1e1.png?width=540&format=png&auto=webp&s=defac48d2bf42927fb0501c41983ec44f93cc05c",3,2024-11-18 06:16:28,"Hyderabad, India",OceanFloor,Neutral,Overall Experience
"there are ratings on them, what do they say?",3,2024-11-17 10:55:34,"Bangalore, India",nickbuck28,Neutral,Food Quality
Mostlikely drugs of sort.,3,2024-11-17 11:53:09,"Delhi, India",Zestyclose_Mud2170,Neutral,Pricing
Flavored weed strains,3,2024-11-17 12:52:30,"Hyderabad, India",rizkreddit,Neutral,Pricing
"This seems like one of the presentations the Indian kid will give in his US business school class about ‚ÄúIndian‚Äù innovation. But I gotta say, that‚Äôs pretty damn clever!",5,2024-11-17 15:23:42,"Bangalore, India",Mydesilife,Positive,Customer Service
could be alcohol or some banned substances,3,2024-11-17 17:45:00,"Chennai, India",EnvironmentalAir2719,Neutral,Customer Service
It's most probably a tester restaurant.,5,2024-11-17 22:05:49,"Chennai, India",dupdupdup3,Positive,Overall Experience
Punjabi drugs hoga usme üòÇelse 999 cofee to lunkbucks bhi nhi deta,3,2024-11-17 10:47:18,"Chennai, India",Fearless-Apartment50,Neutral,Pricing
Dis dem drugs stop posting them let people enjoy drugzzzzzzzz,5,2024-11-17 10:19:19,"Mumbai, India",parthpalta,Positive,Customer Service
Sex service maybe ü§î,3,2024-11-17 10:27:35,"Chennai, India",jadhavsaurabh,Neutral,Food Quality
Drugs!!,3,2024-11-17 10:52:48,"Delhi, India",Anagha-1998,Neutral,Customer Service
possibly vape sellers,3,2024-11-17 11:06:56,"Bangalore, India",prakulllllllllll,Neutral,Food Quality
vapes,3,2024-11-17 11:49:02,"Bangalore, India",Ferocious_Alpha,Neutral,Customer Service
It‚Äôs either Hookah or vape,3,2024-11-17 11:53:12,"Chennai, India",Limp_Organization728,Neutral,Overall Experience
Order and find out.,3,2024-11-17 13:46:03,"Delhi, India",bhodrolok,Neutral,Overall Experience
[deleted],3,2024-11-17 13:52:10,"Chennai, India",Anonymous,Neutral,Pricing
Remindme! 1day,3,2024-11-17 14:08:28,"Bangalore, India",me_n_mybadasscurls,Neutral,Delivery Speed
I pity those who ordered and put up a review,2,2024-11-17 14:53:36,"Chennai, India",dhruvDAG17,Negative,Food Quality
Something like pizzagate?,3,2024-11-17 15:02:20,"Bangalore, India",StrikingMaterial1514,Neutral,Food Quality
This seems like prostitution or sex trafficking.,3,2024-11-17 15:12:26,"Mumbai, India",SugarSaltLimes,Neutral,Food Quality
"I mean money laundering ke liye koi Zomato pe listing daalke kya hi karega, uska revenue toh traceable hoga",2,2024-11-17 15:16:07,"Mumbai, India",CapnB0rt,Negative,Customer Service
Phone charge karle bhai,3,2024-11-17 15:18:53,"Hyderabad, India",ProfessionalSteak602,Neutral,Overall Experience
Sounds like vape flavours,3,2024-11-17 15:37:33,"Chennai, India",FineWash5667,Neutral,Customer Service
You found something intriguing maybe report it to Zomato before taking any action?,5,2024-11-17 16:10:41,"Delhi, India",foxietails,Positive,Food Quality
Weed buddy. Weed.,3,2024-11-17 16:37:57,"Mumbai, India",GooglyMoogly122,Neutral,Delivery Speed
Alcohol? Maybe?,3,2024-11-17 16:38:11,"Chennai, India",Acrobatic_Mistake_40,Neutral,Pricing
"They are running a PoC hehehe, MVP it seemsüòÇ",3,2024-11-17 16:48:30,"Bangalore, India",alphacobra99,Neutral,Food Quality
Bhai COD pe mangao aur Hume b batao,3,2024-11-17 16:50:45,"Hyderabad, India",chatgptbotindia,Neutral,Overall Experience
"Didn‚Äôt even know this was a thing. Really good finding, OP.

Anyone know if such a set up exists outside Chandigarh?",5,2024-11-17 17:30:13,"Mumbai, India",vyrusrama,Positive,Delivery Speed
Interesting post,5,2024-11-17 17:52:49,"Bangalore, India",Connect-Currency200,Positive,Pricing
Its just some guy trying out the application dont over react,3,2024-11-17 20:27:24,"Chennai, India",AncientArugula3939,Neutral,Overall Experience
"Cloud kitchens, and selling goods to take you to straight to the clouds.",5,2024-11-17 21:01:17,"Mumbai, India",blackbowtieandgun,Positive,Overall Experience
Cloud kitchen,3,2024-11-17 22:56:37,"Bangalore, India",Super-Ad5662,Neutral,Food Quality
"Well, we *are* living in the era of super-specialization. :)",5,2024-11-18 02:08:59,"Bangalore, India",pencilmarkerstylus,Positive,Pricing
Great find man. Definitely shady.,5,2024-11-18 02:31:53,"Delhi, India",ThinkingIndian,Positive,Customer Service
"Its a vape delivery front, it works whereby you contact the pd they say you can order from zomato and then you place ur order and it gets accepted. Key is to call the pd.",3,2024-11-18 02:35:29,"Delhi, India",Viceous98,Neutral,Food Quality
They‚Äôre selling pussy duh.,2,2024-11-18 03:36:41,"Hyderabad, India",ThisDidntAgeWell,Negative,Food Quality
"See the reviews

https://preview.redd.it/j26rg78x0l1e1.png?width=1440&format=pjpg&auto=webp&s=2a0e6f0e6279d4659837ff60708874ad0cf52698",3,2024-11-18 03:42:26,"Bangalore, India",rohithkumarsp,Neutral,Customer Service
"""Babu Ram Chinese Fast Food"" is taking me out",5,2024-11-18 04:11:31,"Bangalore, India",tsb1021,Positive,Pricing
And the strawberry looks tad bit naughty,2,2024-11-18 04:39:40,"Hyderabad, India",Enough_Technology_95,Negative,Customer Service
"Owner be like 
I sell what I like not what you like",3,2024-11-18 04:56:45,"Delhi, India",falcon9722,Neutral,Pricing
Definitely a drug racket.,3,2024-11-18 05:30:05,"Chennai, India",RogueDoga,Neutral,Delivery Speed
looks like a front for a vape buisness,3,2024-11-18 05:58:25,"Delhi, India",alibabaakirand,Neutral,Delivery Speed
Has someone put this on Twitter already?,3,2024-11-18 06:43:12,"Mumbai, India",NoZombie2069,Neutral,Food Quality
Order it and find out,3,2024-11-18 06:47:43,"Delhi, India",Ok_Astronomer_1308,Neutral,Pricing
"https://x.com/nitish_an/status/1858407483682779178?s=46

Let‚Äôs get this rolling",3,2024-11-18 07:12:35,"Bangalore, India",torinotor,Neutral,Overall Experience
I have a friend who has fake restaurants listed.. he owns a restaurant and he has created 4 restaurants out of it in Zomato üòÇ..same item‚Äôs different names,2,2024-11-18 08:59:00,"Mumbai, India",Efficient_Invite_237,Negative,Pricing
My guess is something else is being dealt here. Most probably prostitution or drug.,5,2024-11-18 11:03:33,"Hyderabad, India",_qub3,Positive,Overall Experience
Hookah flavor lg rha h üòÖ ky chal rha h Chandigarh m,3,2024-11-18 13:48:56,"Chennai, India",InterestingEgg2960,Neutral,Delivery Speed
HOOKERS!,3,2024-11-18 14:16:43,"Chennai, India",Fluid-Albatross3419,Neutral,Food Quality
Weed suppliers perhaps,3,2024-11-18 15:39:34,"Chennai, India",FewKaleidoscope9894,Neutral,Customer Service
Chila chila ke sab ko scheme mein batade!!,3,2024-11-18 18:56:05,"Mumbai, India",No_Turnip8611,Neutral,Pricing
I think it‚Äôs vape. Those are vape flavours,3,2024-11-18 20:13:30,"Delhi, India",dr_batmann,Neutral,Pricing
Following,3,2024-11-18 23:43:26,"Bangalore, India",Kashish_17,Neutral,Customer Service
"For those saying it's drugs, why would someone give 10+% commission to zomato for each order value just to get a delivery guy. There are much more efficient ways of doing this.",5,2024-11-19 03:47:31,"Delhi, India",insaneguitarist47,Positive,Customer Service
"As someone who is from this industry, a lot of times these are just test stores created by the brand or zomato for testing some new feature",5,2024-11-19 05:28:05,"Delhi, India",Ryanthetemp59,Positive,Pricing
What do they serve in that??,3,2024-11-19 08:25:04,"Bangalore, India",bforbakar,Neutral,Customer Service
Weird,2,2024-11-19 10:38:11,"Bangalore, India",Tanyaxunicorn,Negative,Overall Experience
"Is this you on twitter 
https://x.com/nitish_an/status/1858411940755993002?s=46",3,2024-11-19 11:33:32,"Delhi, India",busydoingnothing85,Neutral,Overall Experience
They are cooking meth over there.,3,2024-11-19 18:31:40,"Hyderabad, India",Lonely-Carpenter-147,Neutral,Delivery Speed
Money laundering or drugs,3,2024-11-19 18:39:56,"Chennai, India",Quiet-Elk8794,Neutral,Customer Service
wow people are crazy,2,2024-11-20 05:49:54,"Mumbai, India",Anonymous,Negative,Pricing
"This could be shady, or a good marketing strategy for the restaurant. God knows what they are up to!",5,2024-11-20 09:18:22,"Chennai, India",Some_Piece_8270,Positive,Pricing
All of the restaurants have same location on google maps.,3,2024-11-20 11:09:16,"Bangalore, India",NewToEverything199,Neutral,Pricing
"What filters did you use btw, will search if something similar exists in different cities",3,2024-11-20 12:47:52,"Mumbai, India",Forsaken_Site1027,Neutral,Delivery Speed
Aisa laga stock hai...price badhta hi gaya...badhta hi gaya.,3,2024-11-20 14:50:33,"Chennai, India",Voices-Say-Im-Funny,Neutral,Overall Experience
That‚Äôs a vape,3,2024-11-20 16:46:47,"Hyderabad, India",Few-Relationship202,Neutral,Customer Service
"I tried looking for these, I didn't find them. Any way you can share the links OP?",3,2024-11-20 17:32:06,"Bangalore, India",koala_on_a_treadmill,Neutral,Customer Service
Bhai nayagaon mei Maal bohot milte hy yaar,3,2024-11-21 01:16:17,"Bangalore, India",Anonymous,Neutral,Customer Service
"Update!! Zomato banned them 

https://www.livemint.com/companies/news/zomato-delists-fraud-single-dish-restaurant-after-social-media-users-suspect-shady-business-practices/amp-11732122581936.html",3,2024-11-21 02:35:52,"Mumbai, India",No_External4395,Neutral,Pricing
"If this tastes sour, I'm payin

It's the only pink thing I can afford",2,2024-11-21 06:18:13,"Chennai, India",Decent_Edge_4917,Negative,Pricing
Operates from Nayagaon. Quite possible,3,2024-11-21 19:21:57,"Chennai, India",raptor_210,Neutral,Customer Service
its chandigarh. probably drugs.,3,2024-11-17 10:54:34,"Mumbai, India",MaiAgarKahoon,Neutral,Customer Service
It's Punjab people. It'll definitely be drugs,3,2024-11-17 16:05:06,"Bangalore, India",Sun1385In,Neutral,Delivery Speed
bhai apna kaam karo na,3,2024-11-17 12:11:51,"Chennai, India",cosmicsom,Neutral,Overall Experience
This feels like the closest answer,3,2024-11-17 10:56:40,"Bangalore, India",enginTeuz,Neutral,Pricing
"True.

I know of an exact such operation in another city, that essentially sells vape pens/cartridges.
The price is almost the same, ‚Çπ1000-‚Çπ1200 per item.",5,2024-11-17 12:37:10,"Bangalore, India",iwannaberockstar,Positive,Customer Service
But why only the one item listed ?,3,2024-11-17 13:13:08,"Delhi, India",Critical_Prompt_1529,Neutral,Overall Experience
Vape juices are so costly in India?,3,2024-11-17 19:07:42,"Hyderabad, India",Nj1437,Neutral,Overall Experience
üëÜ,3,2024-11-17 12:17:47,"Delhi, India",El_Impresionante,Neutral,Customer Service
Damn ur smart ... Or maybe just a heavy vaper xD,5,2024-11-18 07:28:52,"Delhi, India",yeeyeeassnyeagga,Positive,Pricing
https://x.com/nitish_an/status/1858411940755993002?s=46,3,2024-11-18 08:15:21,"Bangalore, India",torinotor,Neutral,Customer Service
BCF - Bull City Flavours is one of the commonly preferred brands.,2,2024-11-19 11:00:59,"Bangalore, India",pigeon_from_airport,Negative,Delivery Speed
"Damn, should be reported then",3,2024-11-17 17:11:34,"Mumbai, India",iamGobi,Neutral,Pricing
BHB is a gym supplement. ( third post juice BHB),3,2024-11-17 13:27:33,"Delhi, India",viksi,Neutral,Overall Experience
"That's because you have to put a custom code in the request section to get your ""food"". This is definitely a drug business and it'll pop-up tomorrow.",3,2024-11-17 20:55:00,"Hyderabad, India",SwimProZ,Neutral,Food Quality
Put it in update,3,2024-11-17 15:34:44,"Hyderabad, India",Plastic-Kiwi-1063,Neutral,Delivery Speed
Now they have your address,3,2024-11-18 06:53:20,"Mumbai, India",Fire_Tide,Neutral,Food Quality
report it to the police,3,2024-11-18 04:31:12,"Mumbai, India",Ok-Illustrator-6355,Neutral,Pricing
Too old idea . Read about Varalaxmi tiffin case . And you will realise how drugs are smuggled through Zomato/swiggy (even without them knowing ),5,2024-11-19 01:27:38,"Mumbai, India",Ok_Unit9864,Positive,Delivery Speed
did you put your address on their OP?,3,2024-11-19 11:09:32,"Mumbai, India",legobrick11,Neutral,Customer Service
https://preview.redd.it/jb9bj6qy0l1e1.png?width=1440&format=pjpg&auto=webp&s=8672ee31df30c27e5d7540786b3e972ffddcb5d3,3,2024-11-18 03:48:30,"Mumbai, India",rohithkumarsp,Neutral,Overall Experience
For research,3,2024-11-17 15:10:24,"Mumbai, India",Funnybreeze66,Neutral,Food Quality
Why give away your address if you feel it's shady?,2,2024-11-17 21:53:03,"Delhi, India",AcceptablePenalty483,Negative,Delivery Speed
"Why not?any particular reason 

I'm just curious to know",5,2024-11-17 11:03:02,"Mumbai, India",david005_,Positive,Pricing
"It‚Äôs the same owner. 

Cloud kitchen with different brand names.",3,2024-11-17 11:42:12,"Delhi, India",Wonderfonder,Neutral,Overall Experience
I don't think so. Swiggy/Zomato also charges a 20% or so commission to the restaurant on top of delivery fee paid by the customer.,5,2024-11-17 10:37:19,"Hyderabad, India",putin_putin_putin,Positive,Pricing
Definitely drugs,3,2024-11-17 10:18:45,"Mumbai, India",Annoying_Bunny95,Neutral,Overall Experience
Bhai drugs itne saste nahi aate,3,2024-11-17 18:34:16,"Delhi, India",bhoola_bhatka,Neutral,Overall Experience
Who is ordering drugs online and in india lol.. must be some stupid people.,5,2024-11-17 15:31:32,"Mumbai, India",Anonymous,Positive,Pricing
r/oddlyspecific,3,2024-11-17 12:42:06,"Bangalore, India",GreenBasi,Neutral,Overall Experience
Because the first thing is named Naughty Strawberry ?,5,2024-11-17 14:18:49,"Chennai, India",darkneel,Positive,Delivery Speed
Yeah same. Reads more like prostitution.,5,2024-11-17 12:33:47,"Delhi, India",NarealChutney,Positive,Pricing
Can't be so cheap no?,5,2024-11-18 03:24:41,"Hyderabad, India",Diligent_Speak,Positive,Customer Service
That was my first guess too.,5,2024-11-17 21:42:29,"Delhi, India",NocturnalEndymion,Positive,Customer Service
seems more like a vape thing w the flavours on display,5,2024-11-17 12:02:46,"Mumbai, India",shreyas-malhotra,Positive,Food Quality
Can you explain how money can be laundered by listing one exorbitant priced item,3,2024-11-17 10:25:08,"Bangalore, India",babathepower,Neutral,Customer Service
GST dega hawala pe?,3,2024-11-17 17:58:52,"Mumbai, India",Candid_Assistance935,Neutral,Customer Service
https://x.com/nitish_an/status/1858411940755993002?s=46,3,2024-11-18 08:15:56,"Mumbai, India",torinotor,Neutral,Pricing
"That'd be the cheapest baby powder with a pinch of cocaine i ever saw.

I expect shitty weed.

@OP, you got a btc wallet? Im dying to find out what they really deliver",5,2024-11-17 10:47:23,"Hyderabad, India",ranker2241,Positive,Overall Experience
what you ordering from kerala mess,2,2024-11-17 14:06:13,"Hyderabad, India",DudeWhereIsMyCoffee,Negative,Overall Experience
Remindme! 2 hours,3,2024-11-17 11:49:54,"Chennai, India",Careless-Dirt-5926,Neutral,Delivery Speed
Lad what's the status?,3,2024-11-17 13:58:36,"Hyderabad, India",Arena-Grenade,Neutral,Delivery Speed
so? any updates? or did you not go?,3,2024-11-17 14:10:22,"Chennai, India",Careless-Dirt-5926,Neutral,Food Quality
Haha thanks! I don‚Äôt think I‚Äôll be falling short of 100rs,5,2024-11-17 11:27:57,"Bangalore, India",torinotor,Positive,Overall Experience
I need help in making this big üôÉ,3,2024-11-17 20:48:13,"Hyderabad, India",torinotor,Neutral,Delivery Speed
"you can only see ratings, not reviews ig",3,2024-11-17 11:39:57,"Delhi, India",sauravkrx,Neutral,Overall Experience
Delivery personnel gonna bring the sex workers in their bags? üò≠,3,2024-11-17 10:44:48,"Bangalore, India",a_rousedpanda,Neutral,Customer Service
I thought the same !!,3,2024-11-18 07:13:05,"Mumbai, India",Excellent_Salt2371,Neutral,Customer Service
"https://x.com/nitish_an/status/1858407483682779178?s=46

Bump this up mate",3,2024-11-18 07:11:47,"Chennai, India",torinotor,Neutral,Customer Service
Yup,3,2024-11-19 13:37:19,"Bangalore, India",torinotor,Neutral,Food Quality
"so ""normal"" people avoid",5,2024-11-17 16:20:27,"Chennai, India",pimlonpun,Positive,Food Quality
Yeah. It's not legal so it's grey market pricing..,2,2024-11-18 04:55:45,"Delhi, India",Melodic-Economist114,Negative,Overall Experience
Damn drugs dilevery from zomato? üòÇ,3,2024-11-18 03:41:42,"Mumbai, India",Uglyniguh,Neutral,Overall Experience
Absolutely one hundred percent. Selling hybrids or acids,5,2024-11-20 03:25:50,"Hyderabad, India",Digest_it-,Positive,Food Quality
"Yo how do you know? Have you tried ordering?? 
Genuinely asking",5,2024-11-30 19:15:21,"Mumbai, India",helluhelluu,Positive,Overall Experience
Im staying at a hotel so it shouldn‚Äôt be a problem üòÑ,3,2024-11-18 07:17:10,"Delhi, India",torinotor,Neutral,Delivery Speed
I doubt it unless they are working in Kahoot with zomato delivery people,3,2024-11-18 10:21:44,"Hyderabad, India",Federal_Equipment578,Neutral,Food Quality
https://x.com/nitish_an/status/1858411940755993002?s=46,3,2024-11-18 08:15:31,"Mumbai, India",torinotor,Neutral,Customer Service
They probably ask to be bombed so that they don't get recommended,3,2024-11-18 04:21:39,"Mumbai, India",risheeb1002,Neutral,Delivery Speed
That‚Äôs rice from tikka times and im pretty sure of that as i have eaten it many times,5,2024-11-18 14:23:30,"Chennai, India",Heaven_Supremelord,Positive,Pricing
For Science,3,2024-11-18 02:46:14,"Bangalore, India",6packBeerBelly,Neutral,Customer Service
Other methods exist where you won't have to pay such a high commission.,5,2024-11-17 11:12:55,"Delhi, India",v00123,Positive,Overall Experience
Most probably drugs,5,2024-11-17 11:52:16,"Bangalore, India",Snowy-HandJob,Positive,Pricing
aren't cloud kitchen's.....supposed to y'know sell food?,3,2024-11-17 14:16:02,"Mumbai, India",NicePositive7562,Neutral,Overall Experience
Same google maps location as well.,3,2024-11-20 11:10:27,"Delhi, India",NewToEverything199,Neutral,Overall Experience
A small price for the safety of the business.,2,2024-11-17 10:50:27,"Delhi, India",directionless_force,Negative,Overall Experience
mules also take cut and are risk to owner.,3,2024-11-17 10:59:33,"Hyderabad, India",sunil100k,Neutral,Food Quality
thats a modest delivery fees for drugs.,5,2024-11-18 05:04:24,"Delhi, India",ElectricalAd3189,Positive,Customer Service
"Could be, the restaurant would also only agree to orders done by their clients or something similar so no one else gets the stuff.",3,2024-11-17 11:57:19,"Delhi, India",whatyouthinkisfake,Neutral,Pricing
ü§´ü§´ü§´,3,2024-11-17 13:12:19,"Chennai, India",LordVillageHoe,Neutral,Overall Experience
"Just advance amount, cover charges",3,2024-11-18 05:22:28,"Delhi, India",hydiBiryani,Neutral,Customer Service
You underestimate people.,3,2024-11-18 05:51:41,"Delhi, India",YetSomeRandom,Neutral,Overall Experience
LMAOOooo,3,2024-11-17 10:26:47,"Hyderabad, India",Ilinkthereforeiam2,Neutral,Delivery Speed
Here's Saul Goodman explaining this - https://youtu.be/RhsUHDJ0BFM?si=p_3KsdPfANaT1LSa,3,2024-11-17 10:37:34,"Chennai, India",Chakravartin_Arya,Neutral,Food Quality
True I also got curious by laundering word.¬†,5,2024-11-17 10:31:12,"Hyderabad, India",One_Ostrich_3014,Positive,Delivery Speed
Cash on Delivery ?,3,2024-11-17 10:43:11,"Delhi, India",_snorlax__,Neutral,Food Quality
Wow! Okay let me try to create one,5,2024-11-17 11:26:04,"Bangalore, India",torinotor,Positive,Customer Service
"I mean if 9 other people are willing to spend ( waste ? ) 100 , you can order on our behalf just because of the curiosity",2,2024-11-17 11:43:23,"Bangalore, India",Palmar_Aponeurosis,Negative,Pricing
Let‚Äôs go sir,3,2024-11-17 20:50:09,"Hyderabad, India",The_Indian_News,Neutral,Overall Experience
[deleted],3,2024-11-17 14:59:27,"Chennai, India",Anonymous,Neutral,Delivery Speed
Lmao,5,2024-11-17 11:15:20,"Hyderabad, India",bakshaa,Positive,Overall Experience
"Please edit your post to mention this at the end, let‚Äôs get this the attention it deserves. Also tag Chandigarh Police maybe.",3,2024-11-18 07:20:13,"Mumbai, India",NoZombie2069,Neutral,Food Quality
Digital India,3,2024-11-18 08:12:15,"Delhi, India",Sahashraanshu,Neutral,Customer Service
For a friend,3,2024-11-18 18:37:59,"Mumbai, India",Inevitable_Garlic259,Neutral,Overall Experience
found Saul Goodman's reddit account,3,2024-11-17 17:14:00,"Mumbai, India",le_shivas,Neutral,Pricing
This guy launders,3,2024-11-17 15:59:07,"Chennai, India",krishna_rolly,Neutral,Customer Service
Why can‚Äôt it be yours only ?,3,2024-11-17 19:09:44,"Chennai, India",The_Indian_News,Neutral,Overall Experience
Or girls (russian),3,2024-11-18 07:16:53,"Hyderabad, India",Adventurous_Fox867,Neutral,Pricing
These ones are cooking Meth.,3,2024-11-18 03:23:35,"Delhi, India",Diligent_Speak,Neutral,Customer Service
"Nah man, it's gotta be drugs! Why? Because I had the exact same idea of selling drugs when I first ordered food online years ago, lol!",5,2024-11-17 12:07:17,"Chennai, India",Annoying_Bunny95,Positive,Customer Service
"Only caveat being, swiggy will give you 1000, not 1500. 30% commission",3,2024-11-17 10:56:22,"Delhi, India",SiriusLeeSam,Neutral,Food Quality
Accurate.,5,2024-11-17 10:51:23,"Chennai, India",directionless_force,Positive,Delivery Speed
Nice u have to make just 666 order on Zomato for showing 10 lakh is legit legal,5,2024-11-17 12:04:49,"Mumbai, India",ConfidentForm5487,Positive,Food Quality
"Sharing so much with Swiggy after leaving such hard paper trail makes no sense. Buy a used car, Swiss watch, gold, diamond or any expensive thing using that cash. Trade it in to get money in the bank.",2,2024-11-17 12:19:17,"Delhi, India",GutsyGoofy,Negative,Overall Experience
Plot twist: Swiggy becomes your business partner and starts upselling your ‚Äòinvisible gourmet meals‚Äô as their premium ghost kitchen service.,3,2024-11-17 12:21:56,"Mumbai, India",cocain4kids,Neutral,Pricing
I aint a ca but there are surely better ways to cover 10 lacs up,5,2024-11-17 13:08:42,"Mumbai, India",Economy-Lychee-2284,Positive,Overall Experience
Yea easy way to loose 40% to zomato.,5,2024-11-17 11:51:26,"Mumbai, India",Zestyclose_Mud2170,Positive,Delivery Speed
"Sorry to say, this doesn't explain how listing one dish publicly in a menu will allow money laundering...

Edit: The restaurant will pay 20% of money on orders of this dish to Swiggy.",2,2024-11-17 10:40:01,"Chennai, India",babathepower,Negative,Pricing
nice watch. thanks for sharing.,5,2024-11-17 12:38:06,"Chennai, India",Critical_Active2238,Positive,Pricing
Wallet Address: bc1qmwa6l4j0sywwtnd7hc9x2arsc7lq8ddmrm60w2,3,2024-11-17 12:10:09,"Bangalore, India",torinotor,Neutral,Customer Service
"Crazy bro, but how do they register a restaurant on Swiggy? What documents are they using for GST and all ?",2,2024-11-17 19:46:34,"Chennai, India",The_Indian_News,Negative,Food Quality
"I‚Äôm open for crowdfunding! Sharing my BTC wallet address
bc1qmwa6l4j0sywwtnd7hc9x2arsc7lq8ddmrm60w2",3,2024-11-17 12:10:58,"Mumbai, India",torinotor,Neutral,Customer Service
_bonks_,3,2024-11-17 15:16:29,"Mumbai, India",a_rousedpanda,Neutral,Pricing
Unfortunately I can't update the post for some reason,2,2024-11-18 07:44:27,"Hyderabad, India",torinotor,Negative,Pricing
https://preview.redd.it/bp6jqnvfxn1e1.jpeg?width=1284&format=pjpg&auto=webp&s=c7819822e7a14b11a2c03e7b5e60384b6dc7a16c,3,2024-11-18 13:34:05,"Hyderabad, India",Tricky-Candidate-970,Neutral,Food Quality
Amrit Kal,3,2024-11-18 11:42:04,"Chennai, India",kappa23,Neutral,Overall Experience
Bro .. this is money laundering 101... Everyone knows this information,3,2024-11-17 18:12:16,"Hyderabad, India",Silent_Spinach_3692,Neutral,Customer Service
You're losing 20-30% on each transaction as commission to the platform needlessly,2,2024-11-18 03:33:19,"Mumbai, India",MrEthelWulf,Negative,Overall Experience
Aren't they too cheap then?,5,2024-11-19 03:53:02,"Bangalore, India",Comprehensive_Eye991,Positive,Pricing
"I'm agreeing to the theory of drugs, I'm trying to figure the thought or process of how this front works",3,2024-11-17 13:26:56,"Delhi, India",whatyouthinkisfake,Neutral,Customer Service
isn't that about as bad as paying income tax on the income in the first place? Why even bother?,2,2024-11-17 11:34:22,"Delhi, India",thequickbrownbear,Negative,Pricing
Don't accept everyone's order,3,2024-11-17 16:54:34,"Chennai, India",chatgptbotindia,Neutral,Food Quality
"OP placed an order, the order was canceled",3,2024-11-17 17:45:42,"Chennai, India",random0024_,Neutral,Customer Service
One order can contain multiple quantity of item so number of order might be less than 666.,2,2024-11-17 15:56:14,"Mumbai, India",UjraChaman,Negative,Food Quality
"Twist... What if Swiggy using it to show boost of revenue. Win Win for both.
üòÇ",5,2024-11-17 15:56:20,"Hyderabad, India",Strange_Evidence1281,Positive,Overall Experience
Damn is creating a wallet that quick?!,5,2024-11-17 13:09:42,"Hyderabad, India",lord_chihuahua,Positive,Pricing
"i'm intrigued, let's see what you get out of this",3,2024-11-17 12:23:03,"Mumbai, India",PM_ME_YOUR_PYAAR,Neutral,Food Quality
Hey how do u make one!,3,2024-11-17 14:04:54,"Mumbai, India",fatasfnigha,Neutral,Customer Service
"To open a cloud kitchen, you don't need GST. You just need a licence from FSSAI.",3,2024-11-21 05:10:59,"Hyderabad, India",samay_china,Neutral,Delivery Speed
That‚Äôs crazy bro üëè,2,2024-11-18 17:38:15,"Mumbai, India",Pale_Ad5681,Negative,Food Quality
Nah everyone things unexplainable money thing = money laundering,3,2024-11-21 09:16:15,"Hyderabad, India",Ok-Signal5243,Neutral,Delivery Speed
unless dipgoy is doing it,3,2024-11-18 04:25:51,"Chennai, India",bhukkhad,Neutral,Food Quality
Plus you'll need multiple addresses/people to get it delivered to otherwise it'll just raise suspicions,3,2024-11-18 07:01:15,"Delhi, India",kaladin_stormchest,Neutral,Food Quality
"But how would you explain the 10 lakhs for payment of IT, guy already mentioned that such money is obtained illegally",2,2024-11-17 11:42:33,"Hyderabad, India",rohitnair87,Negative,Customer Service
You need to pay taxes on the 1000 as that‚Äôs the income technically,3,2024-11-17 17:57:01,"Chennai, India",pm_mba,Neutral,Pricing
"https://preview.redd.it/s2l8i3ls1h1e1.jpeg?width=1284&format=pjpg&auto=webp&s=8c9f8a2578661ec08cb1a498a80ca5923545c47a

So the order eventually got rejected and I was issued a refund ü§î",3,2024-11-17 14:26:15,"Mumbai, India",torinotor,Neutral,Food Quality
Spread the news :),5,2024-11-17 13:25:35,"Delhi, India",ranker2241,Positive,Customer Service
https://x.com/nitish_an/status/1858411940755993002?s=46,3,2024-11-18 08:16:18,"Bangalore, India",torinotor,Neutral,Pricing
"I mean, there are thousand other ways to do this at a far lesser rate.",2,2024-11-17 16:23:12,"Bangalore, India",ManagementSignal9176,Negative,Overall Experience
"Ah but that's the fun part, you don't! 

Operating expenses, capital expenses etc = Rs.990

You pay tax on 10 rupees",5,2024-11-18 04:25:21,"Delhi, India",risheeb1002,Positive,Food Quality
"Looool
Thats the least exciting outcomeüò≠ü§£ maybe they only ""serve"" their products late at night


OP did his part tho, respect",2,2024-11-17 14:28:06,"Mumbai, India",ranker2241,Negative,Delivery Speed
"Also, the restaurant is not accepting orders anymore

https://preview.redd.it/gaw7wo922h1e1.jpeg?width=1284&format=pjpg&auto=webp&s=9690818b16487eb625fbf07c97797286d0882b9f",3,2024-11-17 14:27:33,"Mumbai, India",torinotor,Neutral,Customer Service
https://x.com/nitish_an/status/1858411940755993002?s=46,3,2024-11-18 08:16:40,"Mumbai, India",torinotor,Neutral,Customer Service
"Lol, maybe you blew their cover, their fleeing town right now",5,2024-11-17 16:09:53,"Mumbai, India",ranker2241,Positive,Food Quality
maybe you have to contact them before you order to get what they are actually delivering...,3,2024-11-17 16:47:23,"Chennai, India",Area_Ok,Neutral,Overall Experience
I tried. The number was switched off.,3,2024-11-17 17:02:00,"Bangalore, India",torinotor,Neutral,Pricing
Good solution. No one has a problem with having a segregated delivery fleet but making it conspicuously identifiable is just a recipe for disaster in this lovely little casteist country of ours.,5,2024-03-20 04:48:53,"Chennai, India",harami_murukami,Positive,Pricing
"RWAs have too
Much power, these unkill powers need to be curtailed.",5,2024-03-20 04:49:31,"Chennai, India",idc_idk6969,Positive,Pricing
How was this not factored in the first ever meeting? üòÇ,5,2024-03-20 04:43:18,"Hyderabad, India",Takenoshitfromany1,Positive,Delivery Speed
A corporate giant that thinks and uses common sense.. that‚Äôs a first..Mera Desh Badal Raha Hai‚Ä¶,2,2024-03-20 04:41:18,"Bangalore, India",Try_engineer_try,Negative,Overall Experience
"Positive step ,glad they thought about their riders safety ..you never know with these jobless right wingers these days",5,2024-03-20 04:42:45,"Mumbai, India",Anonymous,Positive,Overall Experience
"I mean, at least he listened to feedback. Sometimes it's ok to take unwise decisions if you're willing to correct them...",5,2024-03-20 04:48:16,"Bangalore, India",SuchLoan5657,Positive,Delivery Speed
Gujarati uncles will continue to scrape dustbins to find meat pieces and berate their naav veg eating tenants.,3,2024-03-20 04:55:10,"Bangalore, India",AccomplishedRoad300,Neutral,Delivery Speed
Finally sense and rationale prevailed behind this decision üëèüëèüëè,2,2024-03-20 05:01:50,"Chennai, India",trippymum,Negative,Delivery Speed
That‚Äôs reasonable,5,2024-03-20 04:49:33,"Bangalore, India",bhodrolok,Positive,Pricing
"Purity itself is a very problematic concept.

Won't be solved in our lifetimes.",5,2024-03-20 04:41:21,"Bangalore, India",mrrahulkurup,Positive,Customer Service
So many 16 year olds are smarter than the Zomato CEO. The fact that he didn‚Äôt realise this before rolling this travesty out is proof of that.,5,2024-03-20 08:09:27,"Bangalore, India",Infinite_Pattern_466,Positive,Overall Experience
I Mean how they didn't have idea of this. Do they know how much fear we will be having to order meat in the Vegetarian socities.,2,2024-03-20 05:09:20,"Chennai, India",Strict-Advantage8199,Negative,Delivery Speed
RWA= Right Wing Association?,5,2024-03-20 10:25:28,"Bangalore, India",LowSir3919,Positive,Delivery Speed
Deepu don‚Äôt lie. The holier than thou pure vegetarians must have hated receiving orders from a green uniformed person.,2,2024-03-20 05:27:36,"Chennai, India",Aquarius_Berry,Negative,Food Quality
"Zomato - 0

Society Uncle - 1",3,2024-03-20 05:32:48,"Delhi, India",roysouradeep,Neutral,Pricing
"Quite telling that ""pure veg"" morons are not happy with this. Because they were 100% going to intimidate and curtail delivery partners without the ""pure veg"" tag.",2,2024-03-20 05:20:28,"Bangalore, India",friendofH20,Negative,Overall Experience
Ham pe ye kisne hara rang daala,3,2024-03-20 07:21:11,"Hyderabad, India",Anonymous,Neutral,Pricing
Pakka shareholders ne bambu Diya hoga sar pe.,3,2024-03-20 05:24:05,"Delhi, India",maverick54050,Neutral,Customer Service
"Shows poor planning and execution. Although, the way forward is strategically engaging. Good for them. Would have been better had they planned well enough to avoid a rollback.",5,2024-03-20 05:02:48,"Bangalore, India",snooze_boss,Positive,Food Quality
It was a dumb decision from the get-go.,2,2024-03-20 05:12:08,"Hyderabad, India",CreativeMuseMan,Negative,Overall Experience
Let's Goooo-yal.,3,2024-03-20 05:01:54,"Hyderabad, India",kross69,Neutral,Overall Experience
"Those who secretly order non veg will be able to do so. Earlier, he could be pointed out.",5,2024-03-20 06:12:44,"Hyderabad, India",sa8ypr,Positive,Pricing
Damn...is there anyone in that management team with two brain cells to rub together.,3,2024-03-20 05:04:22,"Mumbai, India",xoogl3,Neutral,Food Quality
"Good,  saw the backlash nd decided to rollback immediately  .I too was in favour of the pure veg fleet but didn't consider the RWA nd other society  memers kha nuisance",5,2024-03-20 04:33:54,"Hyderabad, India",Paree264,Positive,Delivery Speed
Bringing out nonsense and thinking people will accept just shows how unstable the company must be.,3,2024-03-20 05:29:14,"Delhi, India",TimeVendor,Neutral,Customer Service
Good to have it corrected soon.,5,2024-03-20 05:41:01,"Mumbai, India",VolTa1987,Positive,Pricing
Good news :) Good response :),5,2024-03-20 06:03:47,"Mumbai, India",koiRitwikHai,Positive,Food Quality
An actual good decision?!? That has to be a first for these companies,5,2024-03-20 06:09:16,"Mumbai, India",Akif31,Positive,Food Quality
"I'm a vegetarian, but i welcome this rollback by Deepinder. Glad he took reviews and instantly acted on it. That's what makes startups great. An active Founder.",5,2024-03-20 06:57:17,"Chennai, India",Anonymous,Positive,Overall Experience
"If only they allow a diverse team (whose ideas are accepted) on their discussion rooms, they wouldn't have to reintroduce the Double Tumbler System with a cherry on top.",5,2024-03-20 07:56:28,"Hyderabad, India",ActualJoel,Positive,Pricing
"Wow, To take feedback and roll back a change with an explanation is good to see. 

But to feel happy about it shows how freaking low our bar is for both corporations and governments",5,2024-03-20 06:37:43,"Chennai, India",Anonymous,Positive,Food Quality
"As an outsider, it seems strange why this was even needed.",2,2024-03-20 05:28:43,"Chennai, India",sid0009,Negative,Delivery Speed
This is one of the very few topics where all the Indian subs shown unity on(be it LW or RW). Great to see all of us still uniting against stupid things.,2,2024-03-20 05:29:01,"Chennai, India",RepresentativeFar304,Negative,Delivery Speed
Good Going Deepinder,5,2024-03-20 04:57:13,"Mumbai, India",Amurthebigboy,Positive,Customer Service
This seems like something any employee would have pointed out to management.,3,2024-03-20 05:57:59,"Hyderabad, India",abkibaarnsit,Neutral,Pricing
"Master stroke! Announce a pure veg thing to signal to a section of customers. Then roll back to please the other section. Win, win!

Master class in business tactics",5,2024-03-20 05:30:50,"Delhi, India",CleanWean,Positive,Pricing
What is going on can someone please summarise the situation?,3,2024-03-20 06:05:47,"Chennai, India",Namenottakenno,Neutral,Customer Service
What‚Äôs a rwa?,3,2024-03-20 06:07:51,"Bangalore, India",PIKa-kNIGHT,Neutral,Overall Experience
*Sad Spoons provided by 70 hrs Kantaben Noises*,2,2024-03-20 07:38:23,"Mumbai, India",mayudhon,Negative,Delivery Speed
Amazing that the CEO of a Startup takes more feedback on a marketing campaign than vishwaguru did during lockdown and pandemic.,5,2024-03-20 07:45:37,"Hyderabad, India",friendofH20,Positive,Customer Service
Good! Great solution,5,2024-03-20 07:47:59,"Delhi, India",inilashremot,Positive,Customer Service
An interesting [business experiment in culture and localization‚Ä¶ or is it just Greenwashing?](https://www.youtube.com/watch?v=IQEQr_sHDNY),5,2024-03-20 08:11:29,"Chennai, India",Change_petition,Positive,Food Quality
This is has nothing to do with religion,3,2024-03-20 08:23:11,"Delhi, India",Ashamed-Potential616,Neutral,Customer Service
This was all planned,3,2024-03-20 08:26:53,"Delhi, India",Tough_Cauliflower231,Neutral,Overall Experience
Makes sense,3,2024-03-20 09:23:02,"Delhi, India",tedxtracy,Neutral,Food Quality
"Lol. Hahahaha. 

Why wasn't this the first thing he did lmfao.",5,2024-03-20 09:32:09,"Chennai, India",rising_pho3nix,Positive,Pricing
"Kudos to Zomato for correcting it! I wonder if these companies have a good level of diversity to begin with, these are the kind of things a diverse group usually catches",5,2024-03-20 10:37:18,"Hyderabad, India",fourbyfourequalsone,Positive,Pricing
Good luck implementing it. Can't imagine what's happening in the meeting rooms of Zomato right now.,5,2024-03-20 11:08:39,"Chennai, India",swamyrara,Positive,Delivery Speed
I mean something is better than nothing lol.,5,2024-03-20 12:22:37,"Mumbai, India",loljokerishere,Positive,Food Quality
"A rare W, I'm glad he listened",5,2024-03-20 13:13:15,"Mumbai, India",FragShire,Positive,Overall Experience
https://preview.redd.it/vvys3z56xjpc1.jpeg?width=480&format=pjpg&auto=webp&s=f9baebf4aa005cd04e855f9c9c806f7b164fc32e,3,2024-03-20 20:46:59,"Bangalore, India",mylifeonearth_,Neutral,Pricing
When corporations listen ‚ô•Ô∏è‚ô•Ô∏è‚ô•Ô∏è,3,2024-03-21 00:39:15,"Bangalore, India",4LIFs,Neutral,Pricing
This is what happens when you have shitty PMs,3,2024-03-21 09:06:51,"Bangalore, India",killerdrama,Neutral,Pricing
Aur yeh bhai sahab shark tank pe ek shark hain.......,3,2024-03-21 13:06:03,"Bangalore, India",Delicious-Dinner1034,Neutral,Overall Experience
I respect Zomato,3,2024-03-20 05:13:30,"Delhi, India",Shreyash_jais_02,Neutral,Overall Experience
"Apart from different uniforms, the move is welcome. So now as that has been scrapped, this is a good initiative unless they start charging extra which is basically bs",5,2024-03-20 05:18:46,"Delhi, India",GreyDaze22,Positive,Overall Experience
They haven't rolled back food segregation. A brand must at the very least not propagate unscientific and fictional notions of purity that have led to violence in the past and continue doing so.,2,2024-03-20 10:45:03,"Mumbai, India",Anonymous,Negative,Customer Service
well not installing it back.,3,2024-03-20 05:34:35,"Mumbai, India",RowSubstantial5186,Neutral,Customer Service
Zomato's intentions have always been at the right place!,5,2024-03-20 05:20:35,"Hyderabad, India",icanliveonpizza,Positive,Delivery Speed
I don't get it. What was the problem and how was it resolved?,3,2024-03-20 07:45:01,"Hyderabad, India",AdventurousDust3,Neutral,Customer Service
"Oh, because green is Muslim color. ü§î",2,2024-03-20 07:43:57,"Mumbai, India",Designer-Winter6564,Negative,Pricing
"""Unke kapdo se pata chal jata hai""

~Supreme Leader",3,2024-03-20 08:49:58,"Mumbai, India",urge_kiya_hai,Neutral,Food Quality
"Now, how would we know if the veg delivery fleet hot boxes were used for non-veg food? /s",5,2024-03-20 05:22:14,"Mumbai, India",tifosi7,Positive,Delivery Speed
Bruh that username üòÜ,3,2024-03-20 06:12:48,"Bangalore, India",WhentheSkywasPurple,Neutral,Delivery Speed
I still have a problem with his yesterdays explanation of food contamination as the reason for the segregation.,3,2024-03-20 17:24:41,"Bangalore, India",coolzephyr9,Neutral,Customer Service
Surprising that they didnot have anyone internally who raised thi point...or do they choose to not listen?!,5,2024-03-20 11:15:37,"Chennai, India",Svenska2023,Positive,Food Quality
I have a problem with casteist segregation. Why don't you?,3,2024-03-21 06:18:12,"Mumbai, India",charavaka,Neutral,Delivery Speed
Unkills ko busy karwana padega koi aur cheeze me.,5,2024-03-20 05:24:39,"Chennai, India",maverick54050,Positive,Delivery Speed
"Everyday when I roam around my society in Pune, unkills discuss how Modiji has made India a superpower and I have noticed one time, unkil was reading from WhatsApp about growth.",2,2024-03-20 05:25:40,"Mumbai, India",Mayankcfc_,Negative,Food Quality
[deleted],3,2024-03-21 02:44:57,"Delhi, India",Anonymous,Neutral,Customer Service
[deleted],3,2024-03-20 18:29:22,"Hyderabad, India",Anonymous,Neutral,Pricing
It was LW who cried the most,5,2024-03-20 13:06:55,"Bangalore, India",MightyPorus,Positive,Customer Service
Exactly..seems very basic,3,2024-03-20 04:54:10,"Delhi, India",Anonymous,Neutral,Pricing
"Yes! Like that's so fucking simple, were these guys sleeping!?",3,2024-03-20 05:32:31,"Hyderabad, India",Kashish_17,Neutral,Food Quality
"elastic ink foolish crown ripe fade abounding groovy scandalous skirt

 *This post was mass deleted and anonymized with [Redact](https://redact.dev)*",3,2024-03-20 13:54:03,"Delhi, India",PrequelToMagic,Neutral,Pricing
Someone was definitely canned for this,3,2024-03-20 17:55:08,"Hyderabad, India",sateeshsai,Neutral,Overall Experience
The problem is desh vaise hi raha iske liye corporate co baldana pad raha he. But i like how belatedly he said rwa and moral policers are asshole and present in society,3,2024-03-20 05:21:03,"Mumbai, India",karandex,Neutral,Delivery Speed
"Imagine not considering and brainstorming such basic shit before an announcement of this sort

Or maybe it was just reverse psychology to grab headlines",2,2024-03-20 04:53:50,"Bangalore, India",Anonymous,Negative,Delivery Speed
They would have lost a huge amount of their non veg business to swiggy.,5,2024-03-20 08:23:01,"Chennai, India",svmk1987,Positive,Customer Service
It's all for publicity that's costing them nothing.,3,2024-03-20 14:13:42,"Chennai, India",Dookie_boy,Neutral,Food Quality
"The fact that people care about what Zomato is doing and they think its a ""corporate giant"" is the most interesting thing about internet reality.",5,2024-03-20 05:12:46,"Delhi, India",Anonymous,Positive,Food Quality
"Nah. Still not going to buy from Zomato for the exact reason. 


There's no way some logical person didn't put for these points and it wasn't discussed. This went through post all of that.",5,2024-03-20 05:56:59,"Delhi, India",Wheesa,Positive,Customer Service
[deleted],3,2024-03-20 05:18:07,"Hyderabad, India",Anonymous,Neutral,Delivery Speed
"It's not their riders safety it's their own earnings being hampered, Zomato doesn't care about its riders at all.",5,2024-03-20 06:56:19,"Hyderabad, India",the-devil-dog,Positive,Delivery Speed
"*will continue to scrape dustbins*

do people really do that? its gross and what an invasive behaviour ugh!",5,2024-03-20 11:18:30,"Chennai, India",Svenska2023,Positive,Delivery Speed
People need something to feel better than others.,5,2024-03-20 05:04:54,"Bangalore, India",sunil100k,Positive,Delivery Speed
This was a spike to see if the market would even accept such a thing.,3,2024-03-20 12:06:33,"Mumbai, India",justabofh,Neutral,Food Quality
kaafi anecdotal but chalo thik hai,3,2024-03-20 06:57:35,"Bangalore, India",Anonymous,Neutral,Pricing
so you object to your food being place next to non-veg food?,3,2024-03-21 04:48:34,"Mumbai, India",toxoplasmosix,Neutral,Customer Service
"You meant LW or RW, right? Coz there's nothing such thing called LWA and RWA isn't what you're thinking it is",5,2024-03-20 06:28:56,"Mumbai, India",sylly_mee,Positive,Pricing
Residents' Welfare Association,3,2024-03-20 06:26:16,"Hyderabad, India",sylly_mee,Neutral,Overall Experience
[deleted],3,2024-03-20 07:47:15,"Chennai, India",Anonymous,Neutral,Overall Experience
Exactly.¬†,5,2024-03-21 06:18:43,"Bangalore, India",charavaka,Positive,Food Quality
"I guess it was done keeping in mind, some societies don‚Äôt allow delivery partners to enter, as they might carry non-veg food for them

Having a green uniform will help societies to identify them",2,2024-03-21 06:33:53,"Bangalore, India",grumpy_hooman,Negative,Pricing
Ghar pe hi khana paka ke kha .. no doubts .. no confusion,3,2024-03-20 07:04:12,"Chennai, India",tushara9,Neutral,Pricing
What if veg delivery fleet used the same roads as non veg fleet? What will we do then?,3,2024-03-20 09:03:10,"Delhi, India",OnidaKYGel,Neutral,Pricing
Trust zomato or go to the outlet yourself,3,2024-03-20 07:53:50,"Delhi, India",prachi_19,Neutral,Overall Experience
Porn addiction krwa do unkills ko,3,2024-03-20 05:40:38,"Chennai, India",Shivam294,Neutral,Customer Service
Hopefully they mean Gobarpower,2,2024-03-20 13:12:54,"Delhi, India",Existing-Area-9093,Negative,Food Quality
All fucking jobless retired assholes with idle minds. That's why the devils are doing a work on them big time.,2,2024-03-20 20:24:51,"Bangalore, India",El_Impresionante,Negative,Food Quality
Resident welfare association. I think we mostly have Cooperative Housing Society (CHS) and their committees in india which people are now referring to as RWAs.,5,2024-03-21 08:47:16,"Delhi, India",faahqueimmanutjawb,Positive,Overall Experience
Resident welfare association. I think we mostly have Cooperative Housing Society (CHS) and their committees in india which people are now referring to as RWAs.,5,2024-03-21 08:47:12,"Hyderabad, India",faahqueimmanutjawb,Positive,Customer Service
[removed],3,2024-03-20 19:31:58,"Delhi, India",Anonymous,Neutral,Food Quality
No way this was a stunt. Too many things that could go wrong. This is plain and simple peer pressure making the company change their decision. Let‚Äôs move on¬†,2,2024-03-20 17:06:16,"Delhi, India",npjobs,Negative,Delivery Speed
That‚Äôs a fair assessment of the prevailing conditions. üëç,5,2024-03-20 05:39:22,"Bangalore, India",Takenoshitfromany1,Positive,Food Quality
NIT hoga,3,2024-03-21 04:41:29,"Mumbai, India",toxoplasmosix,Neutral,Pricing
Possibly? üòÑ,3,2024-03-20 22:53:17,"Chennai, India",Takenoshitfromany1,Neutral,Food Quality
Their severance package consists of a container full of green T-shirts they have to collect from the port.,5,2024-03-20 22:19:53,"Mumbai, India",Takenoshitfromany1,Positive,Delivery Speed
It‚Äôs a good strategy.. for them they have clearly identified the threat.. and for rwa it‚Äôs a moral boost.. they will think such a big organisation is afraid of us‚Ä¶it‚Äôs a win win‚Ä¶,5,2024-03-20 05:25:43,"Hyderabad, India",Try_engineer_try,Positive,Customer Service
Free publicity ft Zomato.,5,2024-03-20 05:12:02,"Bangalore, India",vinav2507,Positive,Overall Experience
Honestly mistakes happen.,5,2024-03-20 05:22:24,"Bangalore, India",Deep_Grey,Positive,Food Quality
Why would they get into that lol. It's just basic PR to avoid such shit.,5,2024-03-20 07:54:01,"Chennai, India",Fight_4ever,Positive,Pricing
I really don‚Äôt think they are dat smart..,5,2024-03-20 14:31:32,"Delhi, India",Try_engineer_try,Positive,Overall Experience
"That is called luck though, not being genius!",3,2024-03-20 16:04:51,"Bangalore, India",NeverBetVpOnline,Neutral,Pricing
Do they even have a choice?  I don't think riders get a say in corporate decision making,3,2024-03-20 05:31:09,"Delhi, India",unravi,Neutral,Delivery Speed
"> do people really do that?

Of course, Thats the only way they can get some protein",5,2024-03-20 13:20:41,"Hyderabad, India",Fourstrokeperro,Positive,Pricing
You think that‚Äôs worse. I had a Brahmin roommate who would clean her things when a non Brahmin touches them. But she has no problem leaving her plates on toilet floor.,2,2024-03-20 16:39:49,"Hyderabad, India",Anonymous,Negative,Delivery Speed
Bat to shi he.,3,2024-03-20 07:04:57,"Chennai, India",Anonymous,Neutral,Customer Service
"~~I eat meat~~

I guess you meant in general, fair point",5,2024-03-20 06:18:18,"Delhi, India",anonymouse_2001,Positive,Pricing
They wear a special uniform that shows this of course,5,2024-03-20 06:18:31,"Delhi, India",sid_killer18,Positive,Overall Experience
"Yeah, my bad. Messed up the terminology. LW and RW. Corrected my comment, thanks",2,2024-03-20 06:30:02,"Hyderabad, India",RepresentativeFar304,Negative,Delivery Speed
Oh thank you!,3,2024-03-21 02:11:30,"Chennai, India",Namenottakenno,Neutral,Overall Experience
"""Welfare""",3,2024-03-20 20:54:19,"Hyderabad, India",El_Impresionante,Neutral,Food Quality
Ah. I see.,3,2024-03-20 23:45:15,"Hyderabad, India",AdventurousDust3,Neutral,Food Quality
Don't order from Zomato then.,3,2024-03-21 05:12:00,"Hyderabad, India",yeowmama,Neutral,Overall Experience
it's an Indian company.,3,2024-03-20 09:45:02,"Hyderabad, India",Ghastlytoohot,Neutral,Pricing
There is serious demand in niche sections of the society for this.,2,2024-03-21 09:15:39,"Chennai, India",ChambersColor,Negative,Food Quality
Yes but do I have to feel violated or not when ordering veg food from nonveg restaurant after ‚Äúvrat‚Äù and some incident happens? /s,3,2024-03-20 09:10:00,"Hyderabad, India",bramptonmt1,Neutral,Delivery Speed
"Fuck! They all breath the same air, dude! I just realized I've been breathing in all their non-veg breaths too. Fuuuuuuuuuuck! üò®",2,2024-03-20 20:21:25,"Hyderabad, India",El_Impresionante,Negative,Overall Experience
The peshwa solution: hang brooms behind the nonveg delivery vehicles to remove the tracks.¬†,2,2024-03-21 06:30:56,"Chennai, India",charavaka,Negative,Customer Service
They need to evolve from blue films,3,2024-03-20 06:58:01,"Chennai, India",WhiteWraith16,Neutral,Customer Service
They are already addicted to soft porn readily available on Instagram and YouTube shorts,5,2024-03-20 12:24:09,"Delhi, India",LeAnarchiste,Positive,Delivery Speed
Instagram reels nahi chalengi?,3,2024-03-20 15:57:36,"Delhi, India",Titanium006,Neutral,Pricing
"Khada nai hota

-source: am an uncle",3,2024-03-20 10:27:00,"Bangalore, India",monk-e7,Neutral,Customer Service
"Most of the civil servant dominated seats in Delhi vote for AAP lol , actual bureaucrats know whats up",5,2024-03-20 08:21:13,"Bangalore, India",Certain_Ingenuity_34,Positive,Pricing
Are whatsapp uncle the main issue with india. If we remove them our gdp will go brrrrr,5,2024-03-20 05:53:53,"Bangalore, India",karandex,Positive,Delivery Speed
"This is why we red team blue team everything, we prefer to avoid situations where we will be caught with our pants down. I guess zomato needs more merit in its teams",5,2024-03-20 05:28:47,"Delhi, India",anonymouse_2001,Positive,Delivery Speed
"I believe that human intelligence reduces when adding together, therefore larger the organisation the dummer it behaves..an organisation releasing how dum its decision is a miracle‚Ä¶",3,2024-03-20 05:00:32,"Hyderabad, India",Try_engineer_try,Neutral,Customer Service
This is more oblivion I guess. How can you miss major part in our country which is food and Politics behind it.,5,2024-03-20 05:01:49,"Chennai, India",Strict-Advantage8199,Positive,Overall Experience
Well you are wrong about that. You will be surprised how detailed most companies get when launching new stuff. Yet mistakes can happen. Kudos they corrected their mistake.,5,2024-03-20 07:49:38,"Mumbai, India",Fight_4ever,Positive,Food Quality
They say the same about you and me.,3,2024-03-21 04:40:16,"Delhi, India",Dookie_boy,Neutral,Customer Service
[deleted],3,2024-03-20 07:51:33,"Delhi, India",Anonymous,Neutral,Delivery Speed
They do when there's an equal competitor in the market aka Swiggy. If the riders aren't happy with Zomato they can easily migrate to Swiggy or other gig based apps,5,2024-03-20 18:12:44,"Hyderabad, India",really_thirsty_lemon,Positive,Pricing
I meant 'landlords' as per the context...,3,2024-03-20 14:20:11,"Hyderabad, India",Svenska2023,Neutral,Delivery Speed
That's exactly what it is. Their kachra is okay but other's things are kachra for them,5,2024-03-20 18:18:26,"Delhi, India",really_thirsty_lemon,Positive,Overall Experience
"What if they are a closeted non-vegetarian, and can't come out due to circumstances?",2,2024-03-20 06:23:26,"Bangalore, India",anonymouse_2001,Negative,Customer Service
bastard non veg eating majority of india!,3,2024-03-21 08:37:42,"Delhi, India",OnidaKYGel,Neutral,Delivery Speed
Ezzsnippet aake JS padha ke chala jayega gaand fatt jayegi sabki,3,2024-03-20 16:13:23,"Bangalore, India",Shivam294,Neutral,Delivery Speed
Papa moosewala: pathetic,2,2024-03-20 10:42:04,"Hyderabad, India",Shivam294,Negative,Pricing
WhatsApp uncle mantality is the most common way of thinking.. if u remove that I am not sure what remains can be called india..,2,2024-03-20 11:52:19,"Chennai, India",Try_engineer_try,Negative,Delivery Speed
"Absolutely. If this feature is headed by someone influential, good chance that no one else wanted to speak up to them. Definitely needs more merit in their teams",5,2024-03-20 05:30:41,"Hyderabad, India",shadow_clone69,Positive,Delivery Speed
The opposite in scientific research,3,2024-03-20 08:50:15,"Mumbai, India",adwarakanath,Neutral,Customer Service
I don‚Äôt think companies really understand the concept of ‚Äúthinking things through‚Äù.. they just do things they feel like doing..,5,2024-03-20 05:22:01,"Delhi, India",Try_engineer_try,Positive,Customer Service
Could be true..ü§´ü§î,3,2024-03-21 13:00:15,"Chennai, India",Try_engineer_try,Neutral,Pricing
Can the delivery person survive prolonged national strike ?,3,2024-03-20 09:56:50,"Chennai, India",unravi,Neutral,Overall Experience
Yeah it was a stupid joke implying that scraps were the only source of protein for these despotic landlords,2,2024-03-20 14:25:08,"Delhi, India",Fourstrokeperro,Negative,Pricing
Yea. Surely everyone is dumb.,5,2024-03-20 07:51:52,"Delhi, India",Fight_4ever,Positive,Delivery Speed
Ooo boy you need to read Thomas Kuhn's structure of scientific revolutions.,3,2024-03-21 20:08:30,"Mumbai, India",adwarakanath,Neutral,Delivery Speed
Most delivery agents don't even bother to wear the uniform rn. I wonder how they're going to enforce this.,5,2024-03-19 12:22:39,"Mumbai, India",Anonymous,Positive,Overall Experience
Soon there will be clash among pure veg vs non veg fleet,5,2024-03-19 11:40:34,"Chennai, India",Outrageous-Drop-9926,Positive,Overall Experience
Next up(very likely from Gujarat): Housing society bans all non-veg delivery drivers,3,2024-03-19 12:51:22,"Delhi, India",kvketan,Neutral,Delivery Speed
What next... Only vegetarian drivers for delivering vegetarian food?,3,2024-03-19 12:19:05,"Mumbai, India",bluegoldredsilver5,Neutral,Overall Experience
Solving problems that don't exist,3,2024-03-19 13:12:01,"Delhi, India",Anonymous,Neutral,Pricing
"Soon we are going to have traveling chefs and kitchens. ""We cook in front of you. Be 100% sure.""",5,2024-03-19 11:47:29,"Hyderabad, India",Damini-on,Positive,Delivery Speed
Quite an innovation you see : Untouchability as a service (UaaS) ü§°,3,2024-03-19 12:39:50,"Hyderabad, India",Julius_seizure_2k23,Neutral,Customer Service
I thought I was on /r/theonion,3,2024-03-19 13:58:13,"Mumbai, India",chandu1256,Neutral,Delivery Speed
"Do they check for caste also?

Will Muslim drivers be allowed on Pure Veg Fleet? Just fucked up!",2,2024-03-19 12:50:03,"Hyderabad, India",spetika,Negative,Customer Service
In Modi's next term we might have religion and caste based delivery fleets,3,2024-03-19 12:23:05,"Chennai, India",Annual-Macaroon-7315,Neutral,Pricing
"I am a vegetarian also a businessman, don't understand this marketing of trying to please a minority group like us ü§∑¬†",3,2024-03-19 12:22:31,"Delhi, India",No-Error4534,Neutral,Pricing
"Sudha will still use her own spoons, thank you very much.¬†",5,2024-03-19 13:01:22,"Delhi, India",charavaka,Positive,Food Quality
"Those putting forward the idea of ""Pure"" People are the most impure ones.",5,2024-03-19 13:12:44,"Chennai, India",mayudhon,Positive,Delivery Speed
Next up: Pure Brahmin Fleetü´°,5,2024-03-19 12:34:24,"Hyderabad, India",Proof-Web1176,Positive,Food Quality
What next? Hire delivery guys that are pure veg? You know where this is heading.,5,2024-03-19 11:41:37,"Chennai, India",harami_murukami,Positive,Pricing
"And, these are the people who freak about when Muslims ask for halal food. üòÇ",3,2024-03-19 13:03:04,"Mumbai, India",be_a_postcard,Neutral,Overall Experience
Looks like Rishabh Pant has fallen on hard times after injury.,2,2024-03-19 14:10:51,"Delhi, India",VaikomViking,Negative,Delivery Speed
"Next up: No onion, no garlic fleet",3,2024-03-19 13:55:54,"Delhi, India",me0din,Neutral,Overall Experience
Goyal took ‚ÄúKapde se pechane jayenge‚Äù way too seriously. Genuinely stupid idea.,2,2024-03-19 12:40:23,"Bangalore, India",Anonymous,Negative,Customer Service
[deleted],3,2024-03-19 13:01:45,"Bangalore, India",Anonymous,Neutral,Food Quality
"Nothing but a PR move, fix the spillage issue rather than wasting so many resources on this PR stunt and still not addressing the actual issue of spillage.",5,2024-03-19 17:28:12,"Delhi, India",EscapeVirtual1440,Positive,Food Quality
Why is everyone so pressed in the comments... This sounds perfectly fine to me and I'm a non vegetarian.,5,2024-03-19 20:55:38,"Delhi, India",jaun_sinha,Positive,Overall Experience
I've never seen this many people mad about an imaginary issue that they created on their own than this comment section,5,2024-03-19 14:34:25,"Delhi, India",Illustrious-Shock551,Positive,Pricing
What the fuck is even this Pure veg. What is Pure about veg? What is impure about non veg lol,5,2024-03-19 12:27:45,"Hyderabad, India",Upper-Test-9930,Positive,Pricing
"i dont see anything wrong with this, you're hating on them just for the sake of hating   
if a zomato wants to launch a pure vegetarian alternative good for them",5,2024-03-19 13:19:26,"Chennai, India",BEAST_WORK6969,Positive,Pricing
One more topic to divide the people of our nation tera zomato alag mera zomato alag,5,2024-03-19 12:38:32,"Hyderabad, India",MANTOf1,Positive,Food Quality
Muje kya mere paise to ipo me kha gaye üòë,2,2024-03-19 13:16:03,"Mumbai, India",Neon7npi,Negative,Customer Service
More options are always welcome!,5,2024-03-19 14:30:17,"Bangalore, India",Anonymous,Positive,Delivery Speed
I want a pure non veg fleet and no veg food should have touched the zomato box ever.,5,2024-03-19 15:01:02,"Bangalore, India",bl4blu3,Positive,Overall Experience
ü§¢,3,2024-03-19 16:32:15,"Chennai, India",Anonymous,Neutral,Food Quality
Stupid brain dead move further dividing people,2,2024-03-19 16:32:22,"Delhi, India",nopetynopetynops,Negative,Customer Service
"Addressing pointless concerns before the important ones‚Ä¶why waste resources on this? As if there is not already strain on the supply chain, they want to further spread it thinner?",2,2024-03-19 16:45:13,"Bangalore, India",Bitter_Dingo516,Negative,Pricing
"But why? Isn't it another marketing gimmick? You can pick Pure Veg or Veg Only options anyway, and you can pick restaurant which Only serve Veg already. So! What's new, the Green color?",5,2024-03-19 17:39:37,"Chennai, India",ishisenpai,Positive,Food Quality
"A person who eats halal food is following his beliefs.

But a person who eats vegetarian food is a casteist.",3,2024-03-20 02:28:52,"Hyderabad, India",Personal-Ad-8250,Neutral,Food Quality
Nothing wrong if they feel they are responding to a customer need rather than virtue signaling?,2,2024-03-20 04:50:24,"Delhi, India",qwertying23,Negative,Delivery Speed
They will attack the ones in red now.,3,2024-03-19 13:04:05,"Delhi, India",the-devil-dog,Neutral,Pricing
This is some mad casteism,2,2024-03-19 15:11:01,"Delhi, India",TeammateTox,Negative,Delivery Speed
"Pure, eh? So everything else is impure, one assumes.",5,2024-03-19 11:54:18,"Hyderabad, India",chaakyar,Positive,Pricing
Why are people here so against this?¬†,3,2024-03-19 13:33:20,"Chennai, India",rnjbond,Neutral,Customer Service
"""Pure veg"" is an Indianism rooted in casteist thinking. https://theprint.in/opinion/pure-vegetarian-restaurant-aka-brahminism-implicitly-served/30374/",5,2024-03-19 12:06:30,"Bangalore, India",tech-writer,Positive,Pricing
"OMG, the comment section shows the rotten brain of people. 

Vegetarian person can be of any religion, its a preference, not a religious identity.",3,2024-03-19 13:39:38,"Bangalore, India",5Doublu,Neutral,Delivery Speed
"India is a free country, if someone is preferred to eat only halal food , so does a ""pure veg food"" . I don't see it as a big controversy, ppl just making assumptions.",5,2024-03-19 16:39:00,"Mumbai, India",Deep-Brilliant9064,Positive,Delivery Speed
"Translation: ""we have a good % of grass eaters, let's charge them more gradually to punish their selective behaviour. Long live carnivores""",5,2024-03-19 13:05:41,"Hyderabad, India",elongatedpepe,Positive,Overall Experience
You can't argue with Idiots...just have a chilled beer and beef,3,2024-03-19 12:54:53,"Chennai, India",Anonymous,Neutral,Overall Experience
Can we have a separate non veg option as well which does not get close to pure veg containers or carry bags?,5,2024-03-19 13:14:19,"Hyderabad, India",sku-mar-gop,Positive,Overall Experience
[deleted],3,2024-03-19 13:51:37,"Chennai, India",Anonymous,Neutral,Overall Experience
"Full support to any idea that increases employment, finds takers ready to pay for this...",5,2024-03-19 13:18:58,"Chennai, India",Sea_Assignment741,Positive,Pricing
What is the difference between veg and pure veg?,5,2024-03-19 13:25:47,"Mumbai, India",luffy69hankcock,Positive,Delivery Speed
"Don't they already have a pure veg section on Zomato? Why the further divide?? As long as the food is properly packed, there's no need for a separate delivery service.",5,2024-03-19 13:51:37,"Bangalore, India",torrential-monsoon,Positive,Food Quality
"good idea , but i don't want to see a post where a veg family is showing a bone in there food , soo please take this seriously",5,2024-03-19 11:53:53,"Bangalore, India",Anonymous,Positive,Delivery Speed
Vegetarian fleet for a country with 65-70% non vegetarians.,3,2024-03-19 13:54:55,"Delhi, India",Outrageous-Kale9545,Neutral,Overall Experience
All these PPL here will never speak up about Halal food but here they will type all the conspiracy which has not even happened,3,2024-03-19 14:29:52,"Hyderabad, India",sanditt420,Neutral,Delivery Speed
[deleted],3,2024-03-19 12:19:09,"Delhi, India",Anonymous,Neutral,Overall Experience
Aha.. what are we reinventing fire again in the next episode?¬†,3,2024-03-19 13:10:52,"Delhi, India",FoxBackground1634,Neutral,Delivery Speed
New app?,5,2024-03-19 14:25:30,"Bangalore, India",Anonymous,Positive,Food Quality
How will this change the cooking utencils and procedures of restaurants?,3,2024-03-19 14:25:54,"Chennai, India",Swadeshn2,Neutral,Overall Experience
The new caste system is in making where non veg eaters are untouchablesüòè,5,2024-03-19 14:35:54,"Chennai, India",Automatic_Second8611,Positive,Pricing
Pure casteism.,5,2024-03-19 14:38:44,"Hyderabad, India",Juvegamer23,Positive,Overall Experience
Noice,3,2024-03-19 14:44:41,"Mumbai, India",Vis09,Neutral,Pricing
kuch bhi,3,2024-03-19 14:46:57,"Bangalore, India",Lullan_senpai,Neutral,Overall Experience
Time to start a new political party for Non-vegetarians.,5,2024-03-19 14:49:54,"Hyderabad, India",naveenpun,Positive,Customer Service
That's just stupid,2,2024-03-19 14:56:24,"Delhi, India",Dalindarmodi,Negative,Pricing
https://preview.redd.it/pb1syyy12bpc1.jpeg?width=1170&format=pjpg&auto=webp&s=81723f44172357710901d080866c05d765281c15,3,2024-03-19 14:58:23,"Hyderabad, India",snarky_AF,Neutral,Pricing
Fruitcakes,3,2024-03-19 15:16:47,"Chennai, India",FragShire,Neutral,Overall Experience
Pure veg wala agar tere khane mein thukega toh bhi tera vegiterianism nahi tutega,5,2024-03-19 15:37:21,"Bangalore, India",vkilewala,Positive,Delivery Speed
"Only in India.

Next stop ""Halal only"" fleet? /s",3,2024-03-19 15:41:54,"Bangalore, India",desi_guy11,Neutral,Food Quality
"Hey any updates on when they are gonna implement a fleet for ‚Äúimpure vegetarians‚Äù like me? (prefer veg but occasionally eat non veg) 

/s",3,2024-03-19 15:42:16,"Chennai, India",pragmaticutopian,Neutral,Delivery Speed
What about that guy who requested not to mention chicken on food and asked to send cutlery üòÇüòÇ,2,2024-03-19 15:53:36,"Hyderabad, India",00Nitro00,Negative,Customer Service
"Zomato gaand maraye,idhar kaddu kharidne ke paise hi nhi hai,online order ghanta karunga.",3,2024-03-19 15:55:06,"Chennai, India",Competitive-Form-746,Neutral,Overall Experience
Pure Veg Fleet are just a blatant rip off of Veg Zeppelin.,2,2024-03-19 16:15:47,"Hyderabad, India",Jaffacus92,Negative,Food Quality
"So will the pure veg restaurants be removed from the ""non-veg"" zomato!!! :)",5,2024-03-19 16:22:29,"Delhi, India",red_jd93,Positive,Overall Experience
And what about Chef or cook who is preparing pure veg food?ü§î,5,2024-03-19 16:32:47,"Chennai, India",koustubhavachat,Positive,Delivery Speed
next they will say only UC rider will handle the food then ?,3,2024-03-19 17:40:26,"Bangalore, India",99deeds,Neutral,Pricing
Careem jaisa uniform hai. Dont worry guys sabko do uniform de denge,3,2024-03-19 21:23:06,"Bangalore, India",ControlSouthern3825,Neutral,Overall Experience
This just feels like casteism and untouchability all over again.,3,2024-03-20 04:24:54,"Bangalore, India",quiet_merc,Neutral,Customer Service
Delivery agents are going to carry multiple devices once this policy gets enforced so that they can get both kind of orders.,5,2024-03-20 10:36:20,"Delhi, India",delicious_fungi,Positive,Food Quality
"""Pure Veg"" is code for UC Hindu only.",5,2024-03-19 13:32:50,"Hyderabad, India",sayzitlikeitis,Positive,Delivery Speed
W move goyal.,3,2024-03-19 13:41:06,"Hyderabad, India",Anonymous,Neutral,Overall Experience
I totally support this step. Being vegetarian it's really agitating when your delivery guy hands over wrong order that too some sort of non veg product. It has happened with me couple of times.,2,2024-03-19 12:55:46,"Hyderabad, India",cumposer,Negative,Food Quality
Now all üíô neela Chhadi gonna link it to Caste & Brahmins üòÇ,3,2024-03-19 12:22:26,"Hyderabad, India",Ok_Platform_20,Neutral,Pricing
Catering to bigots ü§°,3,2024-03-19 14:06:28,"Chennai, India",Benjammer10,Neutral,Overall Experience
So only Jains or Brahmin drivers will deliver food /s,3,2024-03-19 13:44:17,"Bangalore, India",triggered_troll,Neutral,Pricing
Now Sanghi Housing Societies will ban entry of Red Zomato delivery guys or harass them unnecessarily.,2,2024-03-19 16:49:27,"Delhi, India",nafivim753,Negative,Delivery Speed
"Pure Veg Only Temples When?

Oh Wait...",5,2024-03-19 13:07:38,"Chennai, India",quietmusk,Positive,Delivery Speed
"The best step would have been to assign vegetarian people to deliver non-veg, Iykyk",5,2024-03-19 13:15:11,"Delhi, India",Winterforyou,Positive,Overall Experience
It‚Äôs good they solved the problem of bigots not paying because food was delivered by a Muslim delivery executive.,5,2024-03-19 13:19:07,"Chennai, India",john_wick_909,Positive,Customer Service
Yeah dude like this will save your low margin sinking ship,3,2024-03-19 13:24:32,"Chennai, India",dapperman99,Neutral,Food Quality
"Pandering. 
What‚Äôs next - Gonna hire pure veg people too?",5,2024-03-19 13:57:42,"Delhi, India",Noooofun,Positive,Customer Service
Bro too tired of getting complaints about m*slim delivery guys! Gives a pure veg option for thatüòÇüòÇüòÇ,2,2024-03-19 14:03:50,"Delhi, India",Sharp-Cell-1332,Negative,Delivery Speed
Another way for people to lose their tatti over drivers who wear the wrong colour shirt while delivering their sanskari chow-mein food.,2,2024-03-19 14:10:58,"Mumbai, India",TrinityF,Negative,Overall Experience
"Green = muslim color, that's the logic of bhakts. I expect a backlash.",2,2024-03-19 14:34:22,"Mumbai, India",Egg_Chicken_Roll,Negative,Delivery Speed
I hope they charge a bomb for their pure veg deliveries so that the people who order get their Gravity centres ruptured.,5,2024-03-19 15:12:06,"Bangalore, India",Randomguy0864,Positive,Delivery Speed
Zomato Caste System **‚Ñ¢**,3,2024-03-19 16:36:08,"Delhi, India",saarth_,Neutral,Delivery Speed
Why not? It‚Äôs an inclusive step,3,2024-03-19 19:02:23,"Chennai, India",Technical_Sand4723,Neutral,Delivery Speed
"Fucking ridiculous, the lengths some vegetarians go to make themselves insufferable.",2,2024-03-19 12:55:57,"Delhi, India",brobdingnagianaf,Negative,Pricing
Markets are ALWAYS driven by demand. There is demand from vegetarian food (just like non vegetarian foods) and Pure Veg Fleet is actually a good example if a private company is trying it.,5,2024-03-19 13:31:04,"Chennai, India",nikhilsharmass,Positive,Overall Experience
What a clown,3,2024-03-19 13:17:45,"Bangalore, India",OrdinaryAndroidDev,Neutral,Delivery Speed
Big time bigot,3,2024-03-19 13:48:40,"Hyderabad, India",Waterlemon_Sugar,Neutral,Delivery Speed
"Ain't it promotion of  ""untouchability""",3,2024-03-19 14:01:31,"Mumbai, India",le_stoner_de_paradis,Neutral,Delivery Speed
It's nothing compared to Halal product bullshit which somehow include pen's nip to pant's zip,3,2024-03-19 17:38:21,"Delhi, India",Ankit0947,Neutral,Delivery Speed
I want pure-meat fleet and mode as well! No pure veg food from any any pure veg restaurant should show up in my app!,5,2024-03-19 13:24:07,"Bangalore, India",DifficultyDowntown,Positive,Pricing
Bhai innovation chahiye tha Pure Veg Restaurants already exist karte he. Dabbe me Dabba dabbe me aaloooo,5,2024-03-19 13:39:57,"Chennai, India",fahadsayed36,Positive,Overall Experience
Zomato needs to be banned for this so that no other company can pull this trick,5,2024-03-19 14:25:51,"Delhi, India",Anonymous,Positive,Delivery Speed
So when is pure non veg fleet coming?,5,2024-03-19 14:32:17,"Delhi, India",AbhilashHP,Positive,Food Quality
Why are they using green? Go back to Pakistan?,2,2024-03-19 14:38:41,"Mumbai, India",Anonymous,Negative,Food Quality
